<beans xmlns="http://www.springframework.org/schema/beans"
       xmlns:xsi="http://www.w3.org/2001/XMLSchema-instance"
       xmlns:context="http://www.springframework.org/schema/context"
       xmlns:aop="http://www.springframework.org/schema/aop"
       xmlns:tx="http://www.springframework.org/schema/tx"
       xsi:schemaLocation="http://www.springframework.org/schema/beans
		http://www.springframework.org/schema/beans/spring-beans-3.1.xsd
		http://www.springframework.org/schema/mvc
		http://www.springframework.org/schema/context
	    http://www.springframework.org/schema/context/spring-context-3.1.xsd
		http://www.springframework.org/schema/aop
		http://www.springframework.org/schema/aop/spring-aop-3.1.xsd
		http://www.springframework.org/schema/tx
		http://www.springframework.org/schema/tx/spring-tx-3.1.xsd ">


    <!--<bean id="dataSource" class="com.alibaba.druid.pool.DruidDataSource">
        <property name="url" value="jdbc:mysql://localhost:3306/activiti?
            createDatabaseIfNotExist=true"/>
        <property name="driver" value="com.mysql.jdbc.Driver"/>
        <property name="username" value="root"/>
        <property name="password" value="123456"/>
    </bean>-->

    <!-- 定义一个id为processEngineConfiguration的流程引擎配置类，然后为它设置属性值 -->
    <bean id="processEngineConfiguration"
          class="org.activiti.engine.impl.cfg.StandaloneProcessEngineConfiguration">
        <!-- 数据库连接配置 -->
        <!--<property name="dataSource" ref="dataSource"/>-->
        <property name="jdbcUrl" value="jdbc:mysql://localhost:3306/activiti?
            createDatabaseIfNotExist=true"></property>
        <property name="jdbcDriver" value="com.mysql.jdbc.Driver"></property>
        <property name="jdbcUsername" value="root"></property>
        <property name="jdbcPassword" value="123456"></property>
        <!-- activiti建表策略
        true 如果数据库已经存在相应的表，那么直接使用
             如果不存在，那么会创建-->
        <property name="databaseSchemaUpdate" value="true"></property>
        <!-- 其它省略 -->
    </bean>
</beans>
