<?xml version="1.0" encoding="UTF-8"?>
<bpmn2:definitions xmlns:xsi="http://www.w3.org/2001/XMLSchema-instance" xmlns:bpmn2="http://www.omg.org/spec/BPMN/20100524/MODEL" xmlns:bpmndi="http://www.omg.org/spec/BPMN/20100524/DI" xmlns:dc="http://www.omg.org/spec/DD/20100524/DC" xmlns:di="http://www.omg.org/spec/DD/20100524/DI" xmlns:activiti="http://activiti.org/bpmn" id="sample-diagram" targetNamespace="http://activiti.org/bpmn" xsi:schemaLocation="http://www.omg.org/spec/BPMN/20100524/MODEL BPMN20.xsd">
  <bpmn2:process id="service-95598" name="95598服务工单流程" isExecutable="true">
    <bpmn2:startEvent id="StartEvent_1">
      <bpmn2:outgoing>Flow_13p1xz4</bpmn2:outgoing>
    </bpmn2:startEvent>
    <bpmn2:userTask id="Activity_3" name="县级下发" activiti:candidateGroups="XDistribute">
      <bpmn2:incoming>Flow_1udrmsj</bpmn2:incoming>
      <bpmn2:outgoing>Flow_1xdb35n</bpmn2:outgoing>
    </bpmn2:userTask>
    <bpmn2:userTask id="Activity_4" name="指定班组接收工单" activiti:candidateGroups="Implementer">
      <bpmn2:extensionElements>
        <activiti:executionListener class="com.tl.listener.StartListener" event="start" />
      </bpmn2:extensionElements>
      <bpmn2:incoming>Flow_1xdb35n</bpmn2:incoming>
      <bpmn2:outgoing>Flow_1mttcs2</bpmn2:outgoing>
    </bpmn2:userTask>
    <bpmn2:userTask id="Activity_5" name="工单现场确认" activiti:assignee="${service}">
      <bpmn2:incoming>Flow_1mttcs2</bpmn2:incoming>
      <bpmn2:outgoing>Flow_0pesukp</bpmn2:outgoing>
    </bpmn2:userTask>
    <bpmn2:sequenceFlow id="Flow_13p1xz4" sourceRef="StartEvent_1" targetRef="Activity_1" />
    <bpmn2:sequenceFlow id="Flow_1xdb35n" sourceRef="Activity_3" targetRef="Activity_4" />
    <bpmn2:sequenceFlow id="Flow_1mttcs2" sourceRef="Activity_4" targetRef="Activity_5" />
    <bpmn2:userTask id="Activity_7" name="县级审核" activiti:candidateGroups="XDistribute">
      <bpmn2:incoming>Flow_0qr9wpj</bpmn2:incoming>
      <bpmn2:outgoing>Flow_1p7sdi2</bpmn2:outgoing>
    </bpmn2:userTask>
    <bpmn2:userTask id="Activity_8" name="市级审核" activiti:candidateGroups="GDDistribute">
      <bpmn2:incoming>Flow_1p7sdi2</bpmn2:incoming>
      <bpmn2:outgoing>Flow_0a432rh</bpmn2:outgoing>
    </bpmn2:userTask>
    <bpmn2:endEvent id="Event_0bft35t">
      <bpmn2:incoming>Flow_0hv8a28</bpmn2:incoming>
    </bpmn2:endEvent>
    <bpmn2:userTask id="Activity_10" name="南中心" activiti:candidateGroups="service">
      <bpmn2:extensionElements>
        <activiti:executionListener class="com.tl.listener.StartListener" event="end" />
      </bpmn2:extensionElements>
      <bpmn2:incoming>Flow_1pcyfrk</bpmn2:incoming>
      <bpmn2:outgoing>Flow_0hv8a28</bpmn2:outgoing>
    </bpmn2:userTask>
    <bpmn2:sequenceFlow id="Flow_1p7sdi2" sourceRef="Activity_7" targetRef="Activity_8" />
    <bpmn2:sequenceFlow id="Flow_0a432rh" sourceRef="Activity_8" targetRef="Gateway_1kjibs5" />
    <bpmn2:sequenceFlow id="Flow_0hv8a28" sourceRef="Activity_10" targetRef="Event_0bft35t" />
    <bpmn2:parallelGateway id="Gateway_1fokp7i">
      <bpmn2:incoming>Flow_0v49wu8</bpmn2:incoming>
      <bpmn2:outgoing>Flow_09hggq2</bpmn2:outgoing>
      <bpmn2:outgoing>Flow_0gt33jj</bpmn2:outgoing>
    </bpmn2:parallelGateway>
    <bpmn2:userTask id="Activity_zz" name="专职计算积分" activiti:candidateGroups="zz">
      <bpmn2:incoming>Flow_09hggq2</bpmn2:incoming>
      <bpmn2:outgoing>Flow_1fm7hdf</bpmn2:outgoing>
    </bpmn2:userTask>
    <bpmn2:sequenceFlow id="Flow_09hggq2" sourceRef="Gateway_1fokp7i" targetRef="Activity_zz" />
    <bpmn2:sequenceFlow id="Flow_0gt33jj" sourceRef="Gateway_1fokp7i" targetRef="Activity_2" />
    <bpmn2:parallelGateway id="Gateway_1kjibs5">
      <bpmn2:incoming>Flow_0a432rh</bpmn2:incoming>
      <bpmn2:incoming>Flow_1fm7hdf</bpmn2:incoming>
      <bpmn2:outgoing>Flow_153sqb3</bpmn2:outgoing>
    </bpmn2:parallelGateway>
    <bpmn2:sequenceFlow id="Flow_1fm7hdf" sourceRef="Activity_zz" targetRef="Gateway_1kjibs5" />
    <bpmn2:sequenceFlow id="Flow_153sqb3" sourceRef="Gateway_1kjibs5" targetRef="Activity_9" />
    <bpmn2:sequenceFlow id="Flow_0pesukp" sourceRef="Activity_5" targetRef="Activity_6" />
    <bpmn2:sequenceFlow id="Flow_1pcyfrk" sourceRef="Activity_9" targetRef="Activity_10" />
    <bpmn2:serviceTask id="Activity_9" name="评分" activiti:class="com.tl.listener.TestPingFenListener">
      <bpmn2:incoming>Flow_153sqb3</bpmn2:incoming>
      <bpmn2:outgoing>Flow_1pcyfrk</bpmn2:outgoing>
    </bpmn2:serviceTask>
    <bpmn2:userTask id="Activity_2" name="市级下发" activiti:candidateGroups="GDDistribute">
      <bpmn2:incoming>Flow_0gt33jj</bpmn2:incoming>
      <bpmn2:outgoing>Flow_1udrmsj</bpmn2:outgoing>
    </bpmn2:userTask>
    <bpmn2:sequenceFlow id="Flow_1udrmsj" sourceRef="Activity_2" targetRef="Activity_3" />
    <bpmn2:userTask id="Activity_1" name="工单填写" activiti:candidateGroups="service">
      <bpmn2:incoming>Flow_13p1xz4</bpmn2:incoming>
      <bpmn2:outgoing>Flow_0v49wu8</bpmn2:outgoing>
    </bpmn2:userTask>
    <bpmn2:sequenceFlow id="Flow_0v49wu8" sourceRef="Activity_1" targetRef="Gateway_1fokp7i" />
    <bpmn2:userTask id="Activity_6" name="工单完成确认" activiti:assignee="${service}">
      <bpmn2:incoming>Flow_0pesukp</bpmn2:incoming>
      <bpmn2:outgoing>Flow_0qr9wpj</bpmn2:outgoing>
    </bpmn2:userTask>
    <bpmn2:sequenceFlow id="Flow_0qr9wpj" sourceRef="Activity_6" targetRef="Activity_7" />
  </bpmn2:process>
  <bpmndi:BPMNDiagram id="BPMNDiagram_1">
    <bpmndi:BPMNPlane id="BPMNPlane_1" bpmnElement="service-95598">
      <bpmndi:BPMNEdge id="Flow_1pcyfrk_di" bpmnElement="Flow_1pcyfrk">
        <di:waypoint x="770" y="510" />
        <di:waypoint x="970" y="510" />
      </bpmndi:BPMNEdge>
      <bpmndi:BPMNEdge id="Flow_0pesukp_di" bpmnElement="Flow_0pesukp">
        <di:waypoint x="1060" y="190" />
        <di:waypoint x="1100" y="190" />
      </bpmndi:BPMNEdge>
      <bpmndi:BPMNEdge id="Flow_153sqb3_di" bpmnElement="Flow_153sqb3">
        <di:waypoint x="595" y="510" />
        <di:waypoint x="670" y="510" />
      </bpmndi:BPMNEdge>
      <bpmndi:BPMNEdge id="Flow_1fm7hdf_di" bpmnElement="Flow_1fm7hdf">
        <di:waypoint x="460" y="390" />
        <di:waypoint x="460" y="510" />
        <di:waypoint x="545" y="510" />
      </bpmndi:BPMNEdge>
      <bpmndi:BPMNEdge id="Flow_0gt33jj_di" bpmnElement="Flow_0gt33jj">
        <di:waypoint x="485" y="190" />
        <di:waypoint x="510" y="190" />
      </bpmndi:BPMNEdge>
      <bpmndi:BPMNEdge id="Flow_09hggq2_di" bpmnElement="Flow_09hggq2">
        <di:waypoint x="460" y="215" />
        <di:waypoint x="460" y="310" />
      </bpmndi:BPMNEdge>
      <bpmndi:BPMNEdge id="Flow_0hv8a28_di" bpmnElement="Flow_0hv8a28">
        <di:waypoint x="1070" y="510" />
        <di:waypoint x="1122" y="510" />
      </bpmndi:BPMNEdge>
      <bpmndi:BPMNEdge id="Flow_0a432rh_di" bpmnElement="Flow_0a432rh">
        <di:waypoint x="670" y="350" />
        <di:waypoint x="570" y="350" />
        <di:waypoint x="570" y="485" />
      </bpmndi:BPMNEdge>
      <bpmndi:BPMNEdge id="Flow_1p7sdi2_di" bpmnElement="Flow_1p7sdi2">
        <di:waypoint x="960" y="350" />
        <di:waypoint x="770" y="350" />
      </bpmndi:BPMNEdge>
      <bpmndi:BPMNEdge id="Flow_1mttcs2_di" bpmnElement="Flow_1mttcs2">
        <di:waypoint x="920" y="190" />
        <di:waypoint x="960" y="190" />
      </bpmndi:BPMNEdge>
      <bpmndi:BPMNEdge id="Flow_1xdb35n_di" bpmnElement="Flow_1xdb35n">
        <di:waypoint x="770" y="190" />
        <di:waypoint x="820" y="190" />
      </bpmndi:BPMNEdge>
      <bpmndi:BPMNEdge id="Flow_13p1xz4_di" bpmnElement="Flow_13p1xz4">
        <di:waypoint x="248" y="190" />
        <di:waypoint x="280" y="190" />
      </bpmndi:BPMNEdge>
      <bpmndi:BPMNEdge id="Flow_1udrmsj_di" bpmnElement="Flow_1udrmsj">
        <di:waypoint x="610" y="190" />
        <di:waypoint x="670" y="190" />
      </bpmndi:BPMNEdge>
      <bpmndi:BPMNEdge id="Flow_0v49wu8_di" bpmnElement="Flow_0v49wu8">
        <di:waypoint x="380" y="190" />
        <di:waypoint x="435" y="190" />
      </bpmndi:BPMNEdge>
      <bpmndi:BPMNEdge id="Flow_0qr9wpj_di" bpmnElement="Flow_0qr9wpj">
        <di:waypoint x="1150" y="230" />
        <di:waypoint x="1150" y="350" />
        <di:waypoint x="1060" y="350" />
      </bpmndi:BPMNEdge>
      <bpmndi:BPMNShape id="_BPMNShape_StartEvent_2" bpmnElement="StartEvent_1">
        <dc:Bounds x="212" y="172" width="36" height="36" />
      </bpmndi:BPMNShape>
      <bpmndi:BPMNShape id="Activity_10kftm7_di" bpmnElement="Activity_3">
        <dc:Bounds x="670" y="150" width="100" height="80" />
      </bpmndi:BPMNShape>
      <bpmndi:BPMNShape id="Activity_0wnhu8c_di" bpmnElement="Activity_4">
        <dc:Bounds x="820" y="150" width="100" height="80" />
      </bpmndi:BPMNShape>
      <bpmndi:BPMNShape id="Activity_109stf9_di" bpmnElement="Activity_5">
        <dc:Bounds x="960" y="150" width="100" height="80" />
      </bpmndi:BPMNShape>
      <bpmndi:BPMNShape id="Activity_0wlxhvi_di" bpmnElement="Activity_7">
        <dc:Bounds x="960" y="310" width="100" height="80" />
      </bpmndi:BPMNShape>
      <bpmndi:BPMNShape id="Activity_1jidzzr_di" bpmnElement="Activity_8">
        <dc:Bounds x="670" y="310" width="100" height="80" />
      </bpmndi:BPMNShape>
      <bpmndi:BPMNShape id="Event_0bft35t_di" bpmnElement="Event_0bft35t">
        <dc:Bounds x="1122" y="492" width="36" height="36" />
      </bpmndi:BPMNShape>
      <bpmndi:BPMNShape id="Activity_1l6os8g_di" bpmnElement="Activity_10">
        <dc:Bounds x="970" y="470" width="100" height="80" />
      </bpmndi:BPMNShape>
      <bpmndi:BPMNShape id="Gateway_0y66bzp_di" bpmnElement="Gateway_1fokp7i">
        <dc:Bounds x="435" y="165" width="50" height="50" />
      </bpmndi:BPMNShape>
      <bpmndi:BPMNShape id="Activity_0ilqc65_di" bpmnElement="Activity_zz">
        <dc:Bounds x="410" y="310" width="100" height="80" />
      </bpmndi:BPMNShape>
      <bpmndi:BPMNShape id="Gateway_06ckbal_di" bpmnElement="Gateway_1kjibs5">
        <dc:Bounds x="545" y="485" width="50" height="50" />
      </bpmndi:BPMNShape>
      <bpmndi:BPMNShape id="Activity_0g3ivrj_di" bpmnElement="Activity_9">
        <dc:Bounds x="670" y="470" width="100" height="80" />
      </bpmndi:BPMNShape>
      <bpmndi:BPMNShape id="Activity_1org77d_di" bpmnElement="Activity_2">
        <dc:Bounds x="510" y="150" width="100" height="80" />
      </bpmndi:BPMNShape>
      <bpmndi:BPMNShape id="Activity_00h55di_di" bpmnElement="Activity_1">
        <dc:Bounds x="280" y="150" width="100" height="80" />
      </bpmndi:BPMNShape>
      <bpmndi:BPMNShape id="Activity_0udgcoe_di" bpmnElement="Activity_6">
        <dc:Bounds x="1100" y="150" width="100" height="80" />
      </bpmndi:BPMNShape>
    </bpmndi:BPMNPlane>
  </bpmndi:BPMNDiagram>
</bpmn2:definitions>
